{
    "individual_00": {
        "fitness": [
            34,
            50,
            50,
            50
        ],
        "genome": {
            "alpha": -63.024360102700065,
            "beta": 91.75036186200454,
            "gamma": -23.194549810246954,
            "delta": 16.39032387318116,
            "epsilon": 6.492656073356713
        }
    },
    "individual_01": {
        "fitness": [
            32,
            49,
            50,
            50
        ],
        "genome": {
            "alpha": -77.51885319605631,
            "beta": 115.89389917898771,
            "gamma": -57.4414538084071,
            "delta": 13.081165634658122,
            "epsilon": -7.267417870187545
        }
    },
    "individual_02": {
        "fitness": [
            31,
            48,
            50,
            50
        ],
        "genome": {
            "alpha": -56.8716508057545,
            "beta": 114.01563792475291,
            "gamma": -32.86982880226879,
            "delta": -4.491346715202787,
            "epsilon": 8.81425262416565
        }
    },
    "individual_03": {
        "fitness": [
            31,
            47,
            50,
            50
        ],
        "genome": {
            "alpha": -52.4621911509627,
            "beta": 104.56457217119329,
            "gamma": -70.2830732238129,
            "delta": -5.387649070812098,
            "epsilon": 6.221601916771231
        }
    },
    "individual_04": {
        "fitness": [
            31,
            46,
            50,
            50
        ],
        "genome": {
            "alpha": -67.25239104394572,
            "beta": 95.68918652262167,
            "gamma": -25.5765152923126,
            "delta": 13.443232484363593,
            "epsilon": 15.283396582793925
        }
    },
    "individual_05": {
        "fitness": [
            25,
            43,
            50,
            50
        ],
        "genome": {
            "alpha": -63.024360102700065,
            "beta": 91.75036186200454,
            "gamma": -23.194549810246954,
            "delta": 16.39032387318116,
            "epsilon": 6.492656073356713
        }
    },
    "individual_06": {
        "fitness": [
            24,
            39,
            50,
            50
        ],
        "genome": {
            "alpha": -63.024360102700065,
            "beta": 91.75036186200454,
            "gamma": -23.194549810246954,
            "delta": 16.39032387318116,
            "epsilon": 6.492656073356713
        }
    },
    "individual_07": {
        "fitness": [
            23,
            37,
            50,
            50
        ],
        "genome": {
            "alpha": -63.024360102700065,
            "beta": 91.75036186200454,
            "gamma": -23.194549810246954,
            "delta": 16.39032387318116,
            "epsilon": 6.492656073356713
        }
    },
    "individual_08": {
        "fitness": [
            22,
            46,
            50,
            50
        ],
        "genome": {
            "alpha": -63.024360102700065,
            "beta": 91.75036186200454,
            "gamma": -23.194549810246954,
            "delta": 16.39032387318116,
            "epsilon": 6.492656073356713
        }
    },
    "individual_09": {
        "fitness": [
            22,
            43,
            50,
            50
        ],
        "genome": {
            "alpha": -63.024360102700065,
            "beta": 91.75036186200454,
            "gamma": -23.194549810246954,
            "delta": 16.39032387318116,
            "epsilon": 6.492656073356713
        }
    }
}