{
    "individual_00": {
        "fitness": [
            3,
            25,
            25,
            27
        ],
        "genome": {
            "alpha": 6.8034383207277696,
            "beta": -101.13793163601342,
            "gamma": -25.474635375415215,
            "delta": -18.274565835422067,
            "epsilon": -5.102814408820539
        }
    },
    "individual_01": {
        "fitness": [
            2,
            32,
            22,
            28
        ],
        "genome": {
            "alpha": 19.497884233187072,
            "beta": -17.242758527592883,
            "gamma": -13.317339360371335,
            "delta": 10.203234545914523,
            "epsilon": 27.619932551396722
        }
    },
    "individual_02": {
        "fitness": [
            2,
            32,
            19,
            24
        ],
        "genome": {
            "alpha": 6.8034383207277696,
            "beta": -101.13793163601342,
            "gamma": -25.474635375415215,
            "delta": -18.274565835422067,
            "epsilon": -5.102814408820539
        }
    },
    "individual_03": {
        "fitness": [
            2,
            27,
            28,
            25
        ],
        "genome": {
            "alpha": 19.497884233187072,
            "beta": -17.242758527592883,
            "gamma": -13.317339360371335,
            "delta": 10.203234545914523,
            "epsilon": 27.619932551396722
        }
    },
    "individual_04": {
        "fitness": [
            2,
            26,
            21,
            26
        ],
        "genome": {
            "alpha": 19.497884233187072,
            "beta": -17.242758527592883,
            "gamma": -13.317339360371335,
            "delta": 10.203234545914523,
            "epsilon": 27.619932551396722
        }
    },
    "individual_05": {
        "fitness": [
            1,
            34,
            25,
            25
        ],
        "genome": {
            "alpha": 6.8034383207277696,
            "beta": -101.13793163601342,
            "gamma": -25.474635375415215,
            "delta": -18.274565835422067,
            "epsilon": -5.102814408820539
        }
    },
    "individual_06": {
        "fitness": [
            1,
            32,
            22,
            26
        ],
        "genome": {
            "alpha": 19.497884233187072,
            "beta": -17.242758527592883,
            "gamma": -13.317339360371335,
            "delta": 10.203234545914523,
            "epsilon": 27.619932551396722
        }
    },
    "individual_07": {
        "fitness": [
            1,
            32,
            18,
            17
        ],
        "genome": {
            "alpha": 19.497884233187072,
            "beta": -17.242758527592883,
            "gamma": -13.317339360371335,
            "delta": 10.203234545914523,
            "epsilon": 27.619932551396722
        }
    },
    "individual_08": {
        "fitness": [
            1,
            31,
            28,
            25
        ],
        "genome": {
            "alpha": 19.497884233187072,
            "beta": -17.242758527592883,
            "gamma": -13.317339360371335,
            "delta": 10.203234545914523,
            "epsilon": 27.619932551396722
        }
    },
    "individual_09": {
        "fitness": [
            1,
            31,
            23,
            25
        ],
        "genome": {
            "alpha": 19.497884233187072,
            "beta": -17.242758527592883,
            "gamma": -13.317339360371335,
            "delta": 10.203234545914523,
            "epsilon": 27.619932551396722
        }
    }
}